{
  "project_info": {
    "project_number": "237151421729",
    "firebase_url": "https://kyller.firebaseio.com",
    "project_id": "kyller",
    "storage_bucket": "kyller.appspot.com"
  },
  "client": [
    {
      "client_info": {
        "mobilesdk_app_id": "1:237151421729:android:2daab8451654a3a326ea60",
        "android_client_info": {
          "package_name": "com.cousinvic.kyller"
        }
      },
      "oauth_client": [
        {
          "client_id": "237151421729-lthrjfjnfg3jhgfhrovqg4gjstmdoonm.apps.googleusercontent.com",
          "client_type": 3
        }
      ],
      "api_key": [
        {
          "current_key": "AIzaSyAnynnyLLCJWc1CImd2It-feCDEyiU2ZnE"
        }
      ],
      "services": {
        "appinvite_service": {
          "other_platform_oauth_client": [
            {
              "client_id": "237151421729-lthrjfjnfg3jhgfhrovqg4gjstmdoonm.apps.googleusercontent.com",
              "client_type": 3
            },
            {
              "client_id": "237151421729-1sufo0if2b30t1lbs8ubgmnjit098o9f.apps.googleusercontent.com",
              "client_type": 2,
              "ios_info": {
                "bundle_id": "com.cousinvic.kyller"
              }
            }
          ]
        }
      }
    }
  ],
  "configuration_version": "1"
}